inject_cycle,packet_id,src,dst,size_bytes,op,layer
0,0,4,7,512,GEMM_SKEW_A,gemm_rep0
0,1,5,4,512,GEMM_SKEW_A,gemm_rep0
0,2,6,5,512,GEMM_SKEW_A,gemm_rep0
0,3,7,6,512,GEMM_SKEW_A,gemm_rep0
0,4,8,11,512,GEMM_SKEW_A,gemm_rep0
0,5,9,8,512,GEMM_SKEW_A,gemm_rep0
0,6,10,9,512,GEMM_SKEW_A,gemm_rep0
0,7,11,10,512,GEMM_SKEW_A,gemm_rep0
0,8,12,15,512,GEMM_SKEW_A,gemm_rep0
0,9,13,12,512,GEMM_SKEW_A,gemm_rep0
0,10,14,13,512,GEMM_SKEW_A,gemm_rep0
0,11,15,14,512,GEMM_SKEW_A,gemm_rep0
0,12,1,13,512,GEMM_SKEW_B,gemm_rep0
0,13,5,1,512,GEMM_SKEW_B,gemm_rep0
0,14,9,5,512,GEMM_SKEW_B,gemm_rep0
0,15,13,9,512,GEMM_SKEW_B,gemm_rep0
0,16,2,14,512,GEMM_SKEW_B,gemm_rep0
0,17,6,2,512,GEMM_SKEW_B,gemm_rep0
0,18,10,6,512,GEMM_SKEW_B,gemm_rep0
0,19,14,10,512,GEMM_SKEW_B,gemm_rep0
0,20,3,15,512,GEMM_SKEW_B,gemm_rep0
0,21,7,3,512,GEMM_SKEW_B,gemm_rep0
0,22,11,7,512,GEMM_SKEW_B,gemm_rep0
0,23,15,11,512,GEMM_SKEW_B,gemm_rep0
1,24,8,11,512,GEMM_SKEW_A,gemm_rep0
1,25,9,8,512,GEMM_SKEW_A,gemm_rep0
1,26,10,9,512,GEMM_SKEW_A,gemm_rep0
1,27,11,10,512,GEMM_SKEW_A,gemm_rep0
1,28,12,15,512,GEMM_SKEW_A,gemm_rep0
1,29,13,12,512,GEMM_SKEW_A,gemm_rep0
1,30,14,13,512,GEMM_SKEW_A,gemm_rep0
1,31,15,14,512,GEMM_SKEW_A,gemm_rep0
1,32,2,14,512,GEMM_SKEW_B,gemm_rep0
1,33,6,2,512,GEMM_SKEW_B,gemm_rep0
1,34,10,6,512,GEMM_SKEW_B,gemm_rep0
1,35,14,10,512,GEMM_SKEW_B,gemm_rep0
1,36,3,15,512,GEMM_SKEW_B,gemm_rep0
1,37,7,3,512,GEMM_SKEW_B,gemm_rep0
1,38,11,7,512,GEMM_SKEW_B,gemm_rep0
1,39,15,11,512,GEMM_SKEW_B,gemm_rep0
2,40,12,15,512,GEMM_SKEW_A,gemm_rep0
2,41,13,12,512,GEMM_SKEW_A,gemm_rep0
2,42,14,13,512,GEMM_SKEW_A,gemm_rep0
2,43,15,14,512,GEMM_SKEW_A,gemm_rep0
2,44,3,15,512,GEMM_SKEW_B,gemm_rep0
2,45,7,3,512,GEMM_SKEW_B,gemm_rep0
2,46,11,7,512,GEMM_SKEW_B,gemm_rep0
2,47,15,11,512,GEMM_SKEW_B,gemm_rep0
11,48,0,3,512,GEMM_SHIFT_A,gemm_rep0
11,49,1,0,512,GEMM_SHIFT_A,gemm_rep0
11,50,2,1,512,GEMM_SHIFT_A,gemm_rep0
11,51,3,2,512,GEMM_SHIFT_A,gemm_rep0
11,52,4,7,512,GEMM_SHIFT_A,gemm_rep0
11,53,5,4,512,GEMM_SHIFT_A,gemm_rep0
11,54,6,5,512,GEMM_SHIFT_A,gemm_rep0
11,55,7,6,512,GEMM_SHIFT_A,gemm_rep0
11,56,8,11,512,GEMM_SHIFT_A,gemm_rep0
11,57,9,8,512,GEMM_SHIFT_A,gemm_rep0
11,58,10,9,512,GEMM_SHIFT_A,gemm_rep0
11,59,11,10,512,GEMM_SHIFT_A,gemm_rep0
11,60,12,15,512,GEMM_SHIFT_A,gemm_rep0
11,61,13,12,512,GEMM_SHIFT_A,gemm_rep0
11,62,14,13,512,GEMM_SHIFT_A,gemm_rep0
11,63,15,14,512,GEMM_SHIFT_A,gemm_rep0
11,64,0,12,512,GEMM_SHIFT_B,gemm_rep0
11,65,4,0,512,GEMM_SHIFT_B,gemm_rep0
11,66,8,4,512,GEMM_SHIFT_B,gemm_rep0
11,67,12,8,512,GEMM_SHIFT_B,gemm_rep0
11,68,1,13,512,GEMM_SHIFT_B,gemm_rep0
11,69,5,1,512,GEMM_SHIFT_B,gemm_rep0
11,70,9,5,512,GEMM_SHIFT_B,gemm_rep0
11,71,13,9,512,GEMM_SHIFT_B,gemm_rep0
11,72,2,14,512,GEMM_SHIFT_B,gemm_rep0
11,73,6,2,512,GEMM_SHIFT_B,gemm_rep0
11,74,10,6,512,GEMM_SHIFT_B,gemm_rep0
11,75,14,10,512,GEMM_SHIFT_B,gemm_rep0
11,76,3,15,512,GEMM_SHIFT_B,gemm_rep0
11,77,7,3,512,GEMM_SHIFT_B,gemm_rep0
11,78,11,7,512,GEMM_SHIFT_B,gemm_rep0
11,79,15,11,512,GEMM_SHIFT_B,gemm_rep0
20,80,0,3,512,GEMM_SHIFT_A,gemm_rep0
20,81,1,0,512,GEMM_SHIFT_A,gemm_rep0
20,82,2,1,512,GEMM_SHIFT_A,gemm_rep0
20,83,3,2,512,GEMM_SHIFT_A,gemm_rep0
20,84,4,7,512,GEMM_SHIFT_A,gemm_rep0
20,85,5,4,512,GEMM_SHIFT_A,gemm_rep0
20,86,6,5,512,GEMM_SHIFT_A,gemm_rep0
20,87,7,6,512,GEMM_SHIFT_A,gemm_rep0
20,88,8,11,512,GEMM_SHIFT_A,gemm_rep0
20,89,9,8,512,GEMM_SHIFT_A,gemm_rep0
20,90,10,9,512,GEMM_SHIFT_A,gemm_rep0
20,91,11,10,512,GEMM_SHIFT_A,gemm_rep0
20,92,12,15,512,GEMM_SHIFT_A,gemm_rep0
20,93,13,12,512,GEMM_SHIFT_A,gemm_rep0
20,94,14,13,512,GEMM_SHIFT_A,gemm_rep0
20,95,15,14,512,GEMM_SHIFT_A,gemm_rep0
20,96,0,12,512,GEMM_SHIFT_B,gemm_rep0
20,97,4,0,512,GEMM_SHIFT_B,gemm_rep0
20,98,8,4,512,GEMM_SHIFT_B,gemm_rep0
20,99,12,8,512,GEMM_SHIFT_B,gemm_rep0
20,100,1,13,512,GEMM_SHIFT_B,gemm_rep0
20,101,5,1,512,GEMM_SHIFT_B,gemm_rep0
20,102,9,5,512,GEMM_SHIFT_B,gemm_rep0
20,103,13,9,512,GEMM_SHIFT_B,gemm_rep0
20,104,2,14,512,GEMM_SHIFT_B,gemm_rep0
20,105,6,2,512,GEMM_SHIFT_B,gemm_rep0
20,106,10,6,512,GEMM_SHIFT_B,gemm_rep0
20,107,14,10,512,GEMM_SHIFT_B,gemm_rep0
20,108,3,15,512,GEMM_SHIFT_B,gemm_rep0
20,109,7,3,512,GEMM_SHIFT_B,gemm_rep0
20,110,11,7,512,GEMM_SHIFT_B,gemm_rep0
20,111,15,11,512,GEMM_SHIFT_B,gemm_rep0
29,112,0,3,512,GEMM_SHIFT_A,gemm_rep0
29,113,1,0,512,GEMM_SHIFT_A,gemm_rep0
29,114,2,1,512,GEMM_SHIFT_A,gemm_rep0
29,115,3,2,512,GEMM_SHIFT_A,gemm_rep0
29,116,4,7,512,GEMM_SHIFT_A,gemm_rep0
29,117,5,4,512,GEMM_SHIFT_A,gemm_rep0
29,118,6,5,512,GEMM_SHIFT_A,gemm_rep0
29,119,7,6,512,GEMM_SHIFT_A,gemm_rep0
29,120,8,11,512,GEMM_SHIFT_A,gemm_rep0
29,121,9,8,512,GEMM_SHIFT_A,gemm_rep0
29,122,10,9,512,GEMM_SHIFT_A,gemm_rep0
29,123,11,10,512,GEMM_SHIFT_A,gemm_rep0
29,124,12,15,512,GEMM_SHIFT_A,gemm_rep0
29,125,13,12,512,GEMM_SHIFT_A,gemm_rep0
29,126,14,13,512,GEMM_SHIFT_A,gemm_rep0
29,127,15,14,512,GEMM_SHIFT_A,gemm_rep0
29,128,0,12,512,GEMM_SHIFT_B,gemm_rep0
29,129,4,0,512,GEMM_SHIFT_B,gemm_rep0
29,130,8,4,512,GEMM_SHIFT_B,gemm_rep0
29,131,12,8,512,GEMM_SHIFT_B,gemm_rep0
29,132,1,13,512,GEMM_SHIFT_B,gemm_rep0
29,133,5,1,512,GEMM_SHIFT_B,gemm_rep0
29,134,9,5,512,GEMM_SHIFT_B,gemm_rep0
29,135,13,9,512,GEMM_SHIFT_B,gemm_rep0
29,136,2,14,512,GEMM_SHIFT_B,gemm_rep0
29,137,6,2,512,GEMM_SHIFT_B,gemm_rep0
29,138,10,6,512,GEMM_SHIFT_B,gemm_rep0
29,139,14,10,512,GEMM_SHIFT_B,gemm_rep0
29,140,3,15,512,GEMM_SHIFT_B,gemm_rep0
29,141,7,3,512,GEMM_SHIFT_B,gemm_rep0
29,142,11,7,512,GEMM_SHIFT_B,gemm_rep0
29,143,15,11,512,GEMM_SHIFT_B,gemm_rep0
38,144,0,3,512,GEMM_SHIFT_A,gemm_rep0
38,145,1,0,512,GEMM_SHIFT_A,gemm_rep0
38,146,2,1,512,GEMM_SHIFT_A,gemm_rep0
38,147,3,2,512,GEMM_SHIFT_A,gemm_rep0
38,148,4,7,512,GEMM_SHIFT_A,gemm_rep0
38,149,5,4,512,GEMM_SHIFT_A,gemm_rep0
38,150,6,5,512,GEMM_SHIFT_A,gemm_rep0
38,151,7,6,512,GEMM_SHIFT_A,gemm_rep0
38,152,8,11,512,GEMM_SHIFT_A,gemm_rep0
38,153,9,8,512,GEMM_SHIFT_A,gemm_rep0
38,154,10,9,512,GEMM_SHIFT_A,gemm_rep0
38,155,11,10,512,GEMM_SHIFT_A,gemm_rep0
38,156,12,15,512,GEMM_SHIFT_A,gemm_rep0
38,157,13,12,512,GEMM_SHIFT_A,gemm_rep0
38,158,14,13,512,GEMM_SHIFT_A,gemm_rep0
38,159,15,14,512,GEMM_SHIFT_A,gemm_rep0
38,160,0,12,512,GEMM_SHIFT_B,gemm_rep0
38,161,4,0,512,GEMM_SHIFT_B,gemm_rep0
38,162,8,4,512,GEMM_SHIFT_B,gemm_rep0
38,163,12,8,512,GEMM_SHIFT_B,gemm_rep0
38,164,1,13,512,GEMM_SHIFT_B,gemm_rep0
38,165,5,1,512,GEMM_SHIFT_B,gemm_rep0
38,166,9,5,512,GEMM_SHIFT_B,gemm_rep0
38,167,13,9,512,GEMM_SHIFT_B,gemm_rep0
38,168,2,14,512,GEMM_SHIFT_B,gemm_rep0
38,169,6,2,512,GEMM_SHIFT_B,gemm_rep0
38,170,10,6,512,GEMM_SHIFT_B,gemm_rep0
38,171,14,10,512,GEMM_SHIFT_B,gemm_rep0
38,172,3,15,512,GEMM_SHIFT_B,gemm_rep0
38,173,7,3,512,GEMM_SHIFT_B,gemm_rep0
38,174,11,7,512,GEMM_SHIFT_B,gemm_rep0
38,175,15,11,512,GEMM_SHIFT_B,gemm_rep0
47,176,4,7,512,GEMM_SKEW_A,gemm_rep1
47,177,5,4,512,GEMM_SKEW_A,gemm_rep1
47,178,6,5,512,GEMM_SKEW_A,gemm_rep1
47,179,7,6,512,GEMM_SKEW_A,gemm_rep1
47,180,8,11,512,GEMM_SKEW_A,gemm_rep1
47,181,9,8,512,GEMM_SKEW_A,gemm_rep1
47,182,10,9,512,GEMM_SKEW_A,gemm_rep1
47,183,11,10,512,GEMM_SKEW_A,gemm_rep1
47,184,12,15,512,GEMM_SKEW_A,gemm_rep1
47,185,13,12,512,GEMM_SKEW_A,gemm_rep1
47,186,14,13,512,GEMM_SKEW_A,gemm_rep1
47,187,15,14,512,GEMM_SKEW_A,gemm_rep1
47,188,1,13,512,GEMM_SKEW_B,gemm_rep1
47,189,5,1,512,GEMM_SKEW_B,gemm_rep1
47,190,9,5,512,GEMM_SKEW_B,gemm_rep1
47,191,13,9,512,GEMM_SKEW_B,gemm_rep1
47,192,2,14,512,GEMM_SKEW_B,gemm_rep1
47,193,6,2,512,GEMM_SKEW_B,gemm_rep1
47,194,10,6,512,GEMM_SKEW_B,gemm_rep1
47,195,14,10,512,GEMM_SKEW_B,gemm_rep1
47,196,3,15,512,GEMM_SKEW_B,gemm_rep1
47,197,7,3,512,GEMM_SKEW_B,gemm_rep1
47,198,11,7,512,GEMM_SKEW_B,gemm_rep1
47,199,15,11,512,GEMM_SKEW_B,gemm_rep1
48,200,8,11,512,GEMM_SKEW_A,gemm_rep1
48,201,9,8,512,GEMM_SKEW_A,gemm_rep1
48,202,10,9,512,GEMM_SKEW_A,gemm_rep1
48,203,11,10,512,GEMM_SKEW_A,gemm_rep1
48,204,12,15,512,GEMM_SKEW_A,gemm_rep1
48,205,13,12,512,GEMM_SKEW_A,gemm_rep1
48,206,14,13,512,GEMM_SKEW_A,gemm_rep1
48,207,15,14,512,GEMM_SKEW_A,gemm_rep1
48,208,2,14,512,GEMM_SKEW_B,gemm_rep1
48,209,6,2,512,GEMM_SKEW_B,gemm_rep1
48,210,10,6,512,GEMM_SKEW_B,gemm_rep1
48,211,14,10,512,GEMM_SKEW_B,gemm_rep1
48,212,3,15,512,GEMM_SKEW_B,gemm_rep1
48,213,7,3,512,GEMM_SKEW_B,gemm_rep1
48,214,11,7,512,GEMM_SKEW_B,gemm_rep1
48,215,15,11,512,GEMM_SKEW_B,gemm_rep1
49,216,12,15,512,GEMM_SKEW_A,gemm_rep1
49,217,13,12,512,GEMM_SKEW_A,gemm_rep1
49,218,14,13,512,GEMM_SKEW_A,gemm_rep1
49,219,15,14,512,GEMM_SKEW_A,gemm_rep1
49,220,3,15,512,GEMM_SKEW_B,gemm_rep1
49,221,7,3,512,GEMM_SKEW_B,gemm_rep1
49,222,11,7,512,GEMM_SKEW_B,gemm_rep1
49,223,15,11,512,GEMM_SKEW_B,gemm_rep1
58,224,0,3,512,GEMM_SHIFT_A,gemm_rep1
58,225,1,0,512,GEMM_SHIFT_A,gemm_rep1
58,226,2,1,512,GEMM_SHIFT_A,gemm_rep1
58,227,3,2,512,GEMM_SHIFT_A,gemm_rep1
58,228,4,7,512,GEMM_SHIFT_A,gemm_rep1
58,229,5,4,512,GEMM_SHIFT_A,gemm_rep1
58,230,6,5,512,GEMM_SHIFT_A,gemm_rep1
58,231,7,6,512,GEMM_SHIFT_A,gemm_rep1
58,232,8,11,512,GEMM_SHIFT_A,gemm_rep1
58,233,9,8,512,GEMM_SHIFT_A,gemm_rep1
58,234,10,9,512,GEMM_SHIFT_A,gemm_rep1
58,235,11,10,512,GEMM_SHIFT_A,gemm_rep1
58,236,12,15,512,GEMM_SHIFT_A,gemm_rep1
58,237,13,12,512,GEMM_SHIFT_A,gemm_rep1
58,238,14,13,512,GEMM_SHIFT_A,gemm_rep1
58,239,15,14,512,GEMM_SHIFT_A,gemm_rep1
58,240,0,12,512,GEMM_SHIFT_B,gemm_rep1
58,241,4,0,512,GEMM_SHIFT_B,gemm_rep1
58,242,8,4,512,GEMM_SHIFT_B,gemm_rep1
58,243,12,8,512,GEMM_SHIFT_B,gemm_rep1
58,244,1,13,512,GEMM_SHIFT_B,gemm_rep1
58,245,5,1,512,GEMM_SHIFT_B,gemm_rep1
58,246,9,5,512,GEMM_SHIFT_B,gemm_rep1
58,247,13,9,512,GEMM_SHIFT_B,gemm_rep1
58,248,2,14,512,GEMM_SHIFT_B,gemm_rep1
58,249,6,2,512,GEMM_SHIFT_B,gemm_rep1
58,250,10,6,512,GEMM_SHIFT_B,gemm_rep1
58,251,14,10,512,GEMM_SHIFT_B,gemm_rep1
58,252,3,15,512,GEMM_SHIFT_B,gemm_rep1
58,253,7,3,512,GEMM_SHIFT_B,gemm_rep1
58,254,11,7,512,GEMM_SHIFT_B,gemm_rep1
58,255,15,11,512,GEMM_SHIFT_B,gemm_rep1
67,256,0,3,512,GEMM_SHIFT_A,gemm_rep1
67,257,1,0,512,GEMM_SHIFT_A,gemm_rep1
67,258,2,1,512,GEMM_SHIFT_A,gemm_rep1
67,259,3,2,512,GEMM_SHIFT_A,gemm_rep1
67,260,4,7,512,GEMM_SHIFT_A,gemm_rep1
67,261,5,4,512,GEMM_SHIFT_A,gemm_rep1
67,262,6,5,512,GEMM_SHIFT_A,gemm_rep1
67,263,7,6,512,GEMM_SHIFT_A,gemm_rep1
67,264,8,11,512,GEMM_SHIFT_A,gemm_rep1
67,265,9,8,512,GEMM_SHIFT_A,gemm_rep1
67,266,10,9,512,GEMM_SHIFT_A,gemm_rep1
67,267,11,10,512,GEMM_SHIFT_A,gemm_rep1
67,268,12,15,512,GEMM_SHIFT_A,gemm_rep1
67,269,13,12,512,GEMM_SHIFT_A,gemm_rep1
67,270,14,13,512,GEMM_SHIFT_A,gemm_rep1
67,271,15,14,512,GEMM_SHIFT_A,gemm_rep1
67,272,0,12,512,GEMM_SHIFT_B,gemm_rep1
67,273,4,0,512,GEMM_SHIFT_B,gemm_rep1
67,274,8,4,512,GEMM_SHIFT_B,gemm_rep1
67,275,12,8,512,GEMM_SHIFT_B,gemm_rep1
67,276,1,13,512,GEMM_SHIFT_B,gemm_rep1
67,277,5,1,512,GEMM_SHIFT_B,gemm_rep1
67,278,9,5,512,GEMM_SHIFT_B,gemm_rep1
67,279,13,9,512,GEMM_SHIFT_B,gemm_rep1
67,280,2,14,512,GEMM_SHIFT_B,gemm_rep1
67,281,6,2,512,GEMM_SHIFT_B,gemm_rep1
67,282,10,6,512,GEMM_SHIFT_B,gemm_rep1
67,283,14,10,512,GEMM_SHIFT_B,gemm_rep1
67,284,3,15,512,GEMM_SHIFT_B,gemm_rep1
67,285,7,3,512,GEMM_SHIFT_B,gemm_rep1
67,286,11,7,512,GEMM_SHIFT_B,gemm_rep1
67,287,15,11,512,GEMM_SHIFT_B,gemm_rep1
76,288,0,3,512,GEMM_SHIFT_A,gemm_rep1
76,289,1,0,512,GEMM_SHIFT_A,gemm_rep1
76,290,2,1,512,GEMM_SHIFT_A,gemm_rep1
76,291,3,2,512,GEMM_SHIFT_A,gemm_rep1
76,292,4,7,512,GEMM_SHIFT_A,gemm_rep1
76,293,5,4,512,GEMM_SHIFT_A,gemm_rep1
76,294,6,5,512,GEMM_SHIFT_A,gemm_rep1
76,295,7,6,512,GEMM_SHIFT_A,gemm_rep1
76,296,8,11,512,GEMM_SHIFT_A,gemm_rep1
76,297,9,8,512,GEMM_SHIFT_A,gemm_rep1
76,298,10,9,512,GEMM_SHIFT_A,gemm_rep1
76,299,11,10,512,GEMM_SHIFT_A,gemm_rep1
76,300,12,15,512,GEMM_SHIFT_A,gemm_rep1
76,301,13,12,512,GEMM_SHIFT_A,gemm_rep1
76,302,14,13,512,GEMM_SHIFT_A,gemm_rep1
76,303,15,14,512,GEMM_SHIFT_A,gemm_rep1
76,304,0,12,512,GEMM_SHIFT_B,gemm_rep1
76,305,4,0,512,GEMM_SHIFT_B,gemm_rep1
76,306,8,4,512,GEMM_SHIFT_B,gemm_rep1
76,307,12,8,512,GEMM_SHIFT_B,gemm_rep1
76,308,1,13,512,GEMM_SHIFT_B,gemm_rep1
76,309,5,1,512,GEMM_SHIFT_B,gemm_rep1
76,310,9,5,512,GEMM_SHIFT_B,gemm_rep1
76,311,13,9,512,GEMM_SHIFT_B,gemm_rep1
76,312,2,14,512,GEMM_SHIFT_B,gemm_rep1
76,313,6,2,512,GEMM_SHIFT_B,gemm_rep1
76,314,10,6,512,GEMM_SHIFT_B,gemm_rep1
76,315,14,10,512,GEMM_SHIFT_B,gemm_rep1
76,316,3,15,512,GEMM_SHIFT_B,gemm_rep1
76,317,7,3,512,GEMM_SHIFT_B,gemm_rep1
76,318,11,7,512,GEMM_SHIFT_B,gemm_rep1
76,319,15,11,512,GEMM_SHIFT_B,gemm_rep1
85,320,0,3,512,GEMM_SHIFT_A,gemm_rep1
85,321,1,0,512,GEMM_SHIFT_A,gemm_rep1
85,322,2,1,512,GEMM_SHIFT_A,gemm_rep1
85,323,3,2,512,GEMM_SHIFT_A,gemm_rep1
85,324,4,7,512,GEMM_SHIFT_A,gemm_rep1
85,325,5,4,512,GEMM_SHIFT_A,gemm_rep1
85,326,6,5,512,GEMM_SHIFT_A,gemm_rep1
85,327,7,6,512,GEMM_SHIFT_A,gemm_rep1
85,328,8,11,512,GEMM_SHIFT_A,gemm_rep1
85,329,9,8,512,GEMM_SHIFT_A,gemm_rep1
85,330,10,9,512,GEMM_SHIFT_A,gemm_rep1
85,331,11,10,512,GEMM_SHIFT_A,gemm_rep1
85,332,12,15,512,GEMM_SHIFT_A,gemm_rep1
85,333,13,12,512,GEMM_SHIFT_A,gemm_rep1
85,334,14,13,512,GEMM_SHIFT_A,gemm_rep1
85,335,15,14,512,GEMM_SHIFT_A,gemm_rep1
85,336,0,12,512,GEMM_SHIFT_B,gemm_rep1
85,337,4,0,512,GEMM_SHIFT_B,gemm_rep1
85,338,8,4,512,GEMM_SHIFT_B,gemm_rep1
85,339,12,8,512,GEMM_SHIFT_B,gemm_rep1
85,340,1,13,512,GEMM_SHIFT_B,gemm_rep1
85,341,5,1,512,GEMM_SHIFT_B,gemm_rep1
85,342,9,5,512,GEMM_SHIFT_B,gemm_rep1
85,343,13,9,512,GEMM_SHIFT_B,gemm_rep1
85,344,2,14,512,GEMM_SHIFT_B,gemm_rep1
85,345,6,2,512,GEMM_SHIFT_B,gemm_rep1
85,346,10,6,512,GEMM_SHIFT_B,gemm_rep1
85,347,14,10,512,GEMM_SHIFT_B,gemm_rep1
85,348,3,15,512,GEMM_SHIFT_B,gemm_rep1
85,349,7,3,512,GEMM_SHIFT_B,gemm_rep1
85,350,11,7,512,GEMM_SHIFT_B,gemm_rep1
85,351,15,11,512,GEMM_SHIFT_B,gemm_rep1
94,352,4,7,512,GEMM_SKEW_A,gemm_rep2
94,353,5,4,512,GEMM_SKEW_A,gemm_rep2
94,354,6,5,512,GEMM_SKEW_A,gemm_rep2
94,355,7,6,512,GEMM_SKEW_A,gemm_rep2
94,356,8,11,512,GEMM_SKEW_A,gemm_rep2
94,357,9,8,512,GEMM_SKEW_A,gemm_rep2
94,358,10,9,512,GEMM_SKEW_A,gemm_rep2
94,359,11,10,512,GEMM_SKEW_A,gemm_rep2
94,360,12,15,512,GEMM_SKEW_A,gemm_rep2
94,361,13,12,512,GEMM_SKEW_A,gemm_rep2
94,362,14,13,512,GEMM_SKEW_A,gemm_rep2
94,363,15,14,512,GEMM_SKEW_A,gemm_rep2
94,364,1,13,512,GEMM_SKEW_B,gemm_rep2
94,365,5,1,512,GEMM_SKEW_B,gemm_rep2
94,366,9,5,512,GEMM_SKEW_B,gemm_rep2
94,367,13,9,512,GEMM_SKEW_B,gemm_rep2
94,368,2,14,512,GEMM_SKEW_B,gemm_rep2
94,369,6,2,512,GEMM_SKEW_B,gemm_rep2
94,370,10,6,512,GEMM_SKEW_B,gemm_rep2
94,371,14,10,512,GEMM_SKEW_B,gemm_rep2
94,372,3,15,512,GEMM_SKEW_B,gemm_rep2
94,373,7,3,512,GEMM_SKEW_B,gemm_rep2
94,374,11,7,512,GEMM_SKEW_B,gemm_rep2
94,375,15,11,512,GEMM_SKEW_B,gemm_rep2
95,376,8,11,512,GEMM_SKEW_A,gemm_rep2
95,377,9,8,512,GEMM_SKEW_A,gemm_rep2
95,378,10,9,512,GEMM_SKEW_A,gemm_rep2
95,379,11,10,512,GEMM_SKEW_A,gemm_rep2
95,380,12,15,512,GEMM_SKEW_A,gemm_rep2
95,381,13,12,512,GEMM_SKEW_A,gemm_rep2
95,382,14,13,512,GEMM_SKEW_A,gemm_rep2
95,383,15,14,512,GEMM_SKEW_A,gemm_rep2
95,384,2,14,512,GEMM_SKEW_B,gemm_rep2
95,385,6,2,512,GEMM_SKEW_B,gemm_rep2
95,386,10,6,512,GEMM_SKEW_B,gemm_rep2
95,387,14,10,512,GEMM_SKEW_B,gemm_rep2
95,388,3,15,512,GEMM_SKEW_B,gemm_rep2
95,389,7,3,512,GEMM_SKEW_B,gemm_rep2
95,390,11,7,512,GEMM_SKEW_B,gemm_rep2
95,391,15,11,512,GEMM_SKEW_B,gemm_rep2
96,392,12,15,512,GEMM_SKEW_A,gemm_rep2
96,393,13,12,512,GEMM_SKEW_A,gemm_rep2
96,394,14,13,512,GEMM_SKEW_A,gemm_rep2
96,395,15,14,512,GEMM_SKEW_A,gemm_rep2
96,396,3,15,512,GEMM_SKEW_B,gemm_rep2
96,397,7,3,512,GEMM_SKEW_B,gemm_rep2
96,398,11,7,512,GEMM_SKEW_B,gemm_rep2
96,399,15,11,512,GEMM_SKEW_B,gemm_rep2
105,400,0,3,512,GEMM_SHIFT_A,gemm_rep2
105,401,1,0,512,GEMM_SHIFT_A,gemm_rep2
105,402,2,1,512,GEMM_SHIFT_A,gemm_rep2
105,403,3,2,512,GEMM_SHIFT_A,gemm_rep2
105,404,4,7,512,GEMM_SHIFT_A,gemm_rep2
105,405,5,4,512,GEMM_SHIFT_A,gemm_rep2
105,406,6,5,512,GEMM_SHIFT_A,gemm_rep2
105,407,7,6,512,GEMM_SHIFT_A,gemm_rep2
105,408,8,11,512,GEMM_SHIFT_A,gemm_rep2
105,409,9,8,512,GEMM_SHIFT_A,gemm_rep2
105,410,10,9,512,GEMM_SHIFT_A,gemm_rep2
105,411,11,10,512,GEMM_SHIFT_A,gemm_rep2
105,412,12,15,512,GEMM_SHIFT_A,gemm_rep2
105,413,13,12,512,GEMM_SHIFT_A,gemm_rep2
105,414,14,13,512,GEMM_SHIFT_A,gemm_rep2
105,415,15,14,512,GEMM_SHIFT_A,gemm_rep2
105,416,0,12,512,GEMM_SHIFT_B,gemm_rep2
105,417,4,0,512,GEMM_SHIFT_B,gemm_rep2
105,418,8,4,512,GEMM_SHIFT_B,gemm_rep2
105,419,12,8,512,GEMM_SHIFT_B,gemm_rep2
105,420,1,13,512,GEMM_SHIFT_B,gemm_rep2
105,421,5,1,512,GEMM_SHIFT_B,gemm_rep2
105,422,9,5,512,GEMM_SHIFT_B,gemm_rep2
105,423,13,9,512,GEMM_SHIFT_B,gemm_rep2
105,424,2,14,512,GEMM_SHIFT_B,gemm_rep2
105,425,6,2,512,GEMM_SHIFT_B,gemm_rep2
105,426,10,6,512,GEMM_SHIFT_B,gemm_rep2
105,427,14,10,512,GEMM_SHIFT_B,gemm_rep2
105,428,3,15,512,GEMM_SHIFT_B,gemm_rep2
105,429,7,3,512,GEMM_SHIFT_B,gemm_rep2
105,430,11,7,512,GEMM_SHIFT_B,gemm_rep2
105,431,15,11,512,GEMM_SHIFT_B,gemm_rep2
114,432,0,3,512,GEMM_SHIFT_A,gemm_rep2
114,433,1,0,512,GEMM_SHIFT_A,gemm_rep2
114,434,2,1,512,GEMM_SHIFT_A,gemm_rep2
114,435,3,2,512,GEMM_SHIFT_A,gemm_rep2
114,436,4,7,512,GEMM_SHIFT_A,gemm_rep2
114,437,5,4,512,GEMM_SHIFT_A,gemm_rep2
114,438,6,5,512,GEMM_SHIFT_A,gemm_rep2
114,439,7,6,512,GEMM_SHIFT_A,gemm_rep2
114,440,8,11,512,GEMM_SHIFT_A,gemm_rep2
114,441,9,8,512,GEMM_SHIFT_A,gemm_rep2
114,442,10,9,512,GEMM_SHIFT_A,gemm_rep2
114,443,11,10,512,GEMM_SHIFT_A,gemm_rep2
114,444,12,15,512,GEMM_SHIFT_A,gemm_rep2
114,445,13,12,512,GEMM_SHIFT_A,gemm_rep2
114,446,14,13,512,GEMM_SHIFT_A,gemm_rep2
114,447,15,14,512,GEMM_SHIFT_A,gemm_rep2
114,448,0,12,512,GEMM_SHIFT_B,gemm_rep2
114,449,4,0,512,GEMM_SHIFT_B,gemm_rep2
114,450,8,4,512,GEMM_SHIFT_B,gemm_rep2
114,451,12,8,512,GEMM_SHIFT_B,gemm_rep2
114,452,1,13,512,GEMM_SHIFT_B,gemm_rep2
114,453,5,1,512,GEMM_SHIFT_B,gemm_rep2
114,454,9,5,512,GEMM_SHIFT_B,gemm_rep2
114,455,13,9,512,GEMM_SHIFT_B,gemm_rep2
114,456,2,14,512,GEMM_SHIFT_B,gemm_rep2
114,457,6,2,512,GEMM_SHIFT_B,gemm_rep2
114,458,10,6,512,GEMM_SHIFT_B,gemm_rep2
114,459,14,10,512,GEMM_SHIFT_B,gemm_rep2
114,460,3,15,512,GEMM_SHIFT_B,gemm_rep2
114,461,7,3,512,GEMM_SHIFT_B,gemm_rep2
114,462,11,7,512,GEMM_SHIFT_B,gemm_rep2
114,463,15,11,512,GEMM_SHIFT_B,gemm_rep2
123,464,0,3,512,GEMM_SHIFT_A,gemm_rep2
123,465,1,0,512,GEMM_SHIFT_A,gemm_rep2
123,466,2,1,512,GEMM_SHIFT_A,gemm_rep2
123,467,3,2,512,GEMM_SHIFT_A,gemm_rep2
123,468,4,7,512,GEMM_SHIFT_A,gemm_rep2
123,469,5,4,512,GEMM_SHIFT_A,gemm_rep2
123,470,6,5,512,GEMM_SHIFT_A,gemm_rep2
123,471,7,6,512,GEMM_SHIFT_A,gemm_rep2
123,472,8,11,512,GEMM_SHIFT_A,gemm_rep2
123,473,9,8,512,GEMM_SHIFT_A,gemm_rep2
123,474,10,9,512,GEMM_SHIFT_A,gemm_rep2
123,475,11,10,512,GEMM_SHIFT_A,gemm_rep2
123,476,12,15,512,GEMM_SHIFT_A,gemm_rep2
123,477,13,12,512,GEMM_SHIFT_A,gemm_rep2
123,478,14,13,512,GEMM_SHIFT_A,gemm_rep2
123,479,15,14,512,GEMM_SHIFT_A,gemm_rep2
123,480,0,12,512,GEMM_SHIFT_B,gemm_rep2
123,481,4,0,512,GEMM_SHIFT_B,gemm_rep2
123,482,8,4,512,GEMM_SHIFT_B,gemm_rep2
123,483,12,8,512,GEMM_SHIFT_B,gemm_rep2
123,484,1,13,512,GEMM_SHIFT_B,gemm_rep2
123,485,5,1,512,GEMM_SHIFT_B,gemm_rep2
123,486,9,5,512,GEMM_SHIFT_B,gemm_rep2
123,487,13,9,512,GEMM_SHIFT_B,gemm_rep2
123,488,2,14,512,GEMM_SHIFT_B,gemm_rep2
123,489,6,2,512,GEMM_SHIFT_B,gemm_rep2
123,490,10,6,512,GEMM_SHIFT_B,gemm_rep2
123,491,14,10,512,GEMM_SHIFT_B,gemm_rep2
123,492,3,15,512,GEMM_SHIFT_B,gemm_rep2
123,493,7,3,512,GEMM_SHIFT_B,gemm_rep2
123,494,11,7,512,GEMM_SHIFT_B,gemm_rep2
123,495,15,11,512,GEMM_SHIFT_B,gemm_rep2
132,496,0,3,512,GEMM_SHIFT_A,gemm_rep2
132,497,1,0,512,GEMM_SHIFT_A,gemm_rep2
132,498,2,1,512,GEMM_SHIFT_A,gemm_rep2
132,499,3,2,512,GEMM_SHIFT_A,gemm_rep2
132,500,4,7,512,GEMM_SHIFT_A,gemm_rep2
132,501,5,4,512,GEMM_SHIFT_A,gemm_rep2
132,502,6,5,512,GEMM_SHIFT_A,gemm_rep2
132,503,7,6,512,GEMM_SHIFT_A,gemm_rep2
132,504,8,11,512,GEMM_SHIFT_A,gemm_rep2
132,505,9,8,512,GEMM_SHIFT_A,gemm_rep2
132,506,10,9,512,GEMM_SHIFT_A,gemm_rep2
132,507,11,10,512,GEMM_SHIFT_A,gemm_rep2
132,508,12,15,512,GEMM_SHIFT_A,gemm_rep2
132,509,13,12,512,GEMM_SHIFT_A,gemm_rep2
132,510,14,13,512,GEMM_SHIFT_A,gemm_rep2
132,511,15,14,512,GEMM_SHIFT_A,gemm_rep2
132,512,0,12,512,GEMM_SHIFT_B,gemm_rep2
132,513,4,0,512,GEMM_SHIFT_B,gemm_rep2
132,514,8,4,512,GEMM_SHIFT_B,gemm_rep2
132,515,12,8,512,GEMM_SHIFT_B,gemm_rep2
132,516,1,13,512,GEMM_SHIFT_B,gemm_rep2
132,517,5,1,512,GEMM_SHIFT_B,gemm_rep2
132,518,9,5,512,GEMM_SHIFT_B,gemm_rep2
132,519,13,9,512,GEMM_SHIFT_B,gemm_rep2
132,520,2,14,512,GEMM_SHIFT_B,gemm_rep2
132,521,6,2,512,GEMM_SHIFT_B,gemm_rep2
132,522,10,6,512,GEMM_SHIFT_B,gemm_rep2
132,523,14,10,512,GEMM_SHIFT_B,gemm_rep2
132,524,3,15,512,GEMM_SHIFT_B,gemm_rep2
132,525,7,3,512,GEMM_SHIFT_B,gemm_rep2
132,526,11,7,512,GEMM_SHIFT_B,gemm_rep2
132,527,15,11,512,GEMM_SHIFT_B,gemm_rep2
141,528,4,7,512,GEMM_SKEW_A,gemm_rep3
141,529,5,4,512,GEMM_SKEW_A,gemm_rep3
141,530,6,5,512,GEMM_SKEW_A,gemm_rep3
141,531,7,6,512,GEMM_SKEW_A,gemm_rep3
141,532,8,11,512,GEMM_SKEW_A,gemm_rep3
141,533,9,8,512,GEMM_SKEW_A,gemm_rep3
141,534,10,9,512,GEMM_SKEW_A,gemm_rep3
141,535,11,10,512,GEMM_SKEW_A,gemm_rep3
141,536,12,15,512,GEMM_SKEW_A,gemm_rep3
141,537,13,12,512,GEMM_SKEW_A,gemm_rep3
141,538,14,13,512,GEMM_SKEW_A,gemm_rep3
141,539,15,14,512,GEMM_SKEW_A,gemm_rep3
141,540,1,13,512,GEMM_SKEW_B,gemm_rep3
141,541,5,1,512,GEMM_SKEW_B,gemm_rep3
141,542,9,5,512,GEMM_SKEW_B,gemm_rep3
141,543,13,9,512,GEMM_SKEW_B,gemm_rep3
141,544,2,14,512,GEMM_SKEW_B,gemm_rep3
141,545,6,2,512,GEMM_SKEW_B,gemm_rep3
141,546,10,6,512,GEMM_SKEW_B,gemm_rep3
141,547,14,10,512,GEMM_SKEW_B,gemm_rep3
141,548,3,15,512,GEMM_SKEW_B,gemm_rep3
141,549,7,3,512,GEMM_SKEW_B,gemm_rep3
141,550,11,7,512,GEMM_SKEW_B,gemm_rep3
141,551,15,11,512,GEMM_SKEW_B,gemm_rep3
142,552,8,11,512,GEMM_SKEW_A,gemm_rep3
142,553,9,8,512,GEMM_SKEW_A,gemm_rep3
142,554,10,9,512,GEMM_SKEW_A,gemm_rep3
142,555,11,10,512,GEMM_SKEW_A,gemm_rep3
142,556,12,15,512,GEMM_SKEW_A,gemm_rep3
142,557,13,12,512,GEMM_SKEW_A,gemm_rep3
142,558,14,13,512,GEMM_SKEW_A,gemm_rep3
142,559,15,14,512,GEMM_SKEW_A,gemm_rep3
142,560,2,14,512,GEMM_SKEW_B,gemm_rep3
142,561,6,2,512,GEMM_SKEW_B,gemm_rep3
142,562,10,6,512,GEMM_SKEW_B,gemm_rep3
142,563,14,10,512,GEMM_SKEW_B,gemm_rep3
142,564,3,15,512,GEMM_SKEW_B,gemm_rep3
142,565,7,3,512,GEMM_SKEW_B,gemm_rep3
142,566,11,7,512,GEMM_SKEW_B,gemm_rep3
142,567,15,11,512,GEMM_SKEW_B,gemm_rep3
143,568,12,15,512,GEMM_SKEW_A,gemm_rep3
143,569,13,12,512,GEMM_SKEW_A,gemm_rep3
143,570,14,13,512,GEMM_SKEW_A,gemm_rep3
143,571,15,14,512,GEMM_SKEW_A,gemm_rep3
143,572,3,15,512,GEMM_SKEW_B,gemm_rep3
143,573,7,3,512,GEMM_SKEW_B,gemm_rep3
143,574,11,7,512,GEMM_SKEW_B,gemm_rep3
143,575,15,11,512,GEMM_SKEW_B,gemm_rep3
152,576,0,3,512,GEMM_SHIFT_A,gemm_rep3
152,577,1,0,512,GEMM_SHIFT_A,gemm_rep3
152,578,2,1,512,GEMM_SHIFT_A,gemm_rep3
152,579,3,2,512,GEMM_SHIFT_A,gemm_rep3
152,580,4,7,512,GEMM_SHIFT_A,gemm_rep3
152,581,5,4,512,GEMM_SHIFT_A,gemm_rep3
152,582,6,5,512,GEMM_SHIFT_A,gemm_rep3
152,583,7,6,512,GEMM_SHIFT_A,gemm_rep3
152,584,8,11,512,GEMM_SHIFT_A,gemm_rep3
152,585,9,8,512,GEMM_SHIFT_A,gemm_rep3
152,586,10,9,512,GEMM_SHIFT_A,gemm_rep3
152,587,11,10,512,GEMM_SHIFT_A,gemm_rep3
152,588,12,15,512,GEMM_SHIFT_A,gemm_rep3
152,589,13,12,512,GEMM_SHIFT_A,gemm_rep3
152,590,14,13,512,GEMM_SHIFT_A,gemm_rep3
152,591,15,14,512,GEMM_SHIFT_A,gemm_rep3
152,592,0,12,512,GEMM_SHIFT_B,gemm_rep3
152,593,4,0,512,GEMM_SHIFT_B,gemm_rep3
152,594,8,4,512,GEMM_SHIFT_B,gemm_rep3
152,595,12,8,512,GEMM_SHIFT_B,gemm_rep3
152,596,1,13,512,GEMM_SHIFT_B,gemm_rep3
152,597,5,1,512,GEMM_SHIFT_B,gemm_rep3
152,598,9,5,512,GEMM_SHIFT_B,gemm_rep3
152,599,13,9,512,GEMM_SHIFT_B,gemm_rep3
152,600,2,14,512,GEMM_SHIFT_B,gemm_rep3
152,601,6,2,512,GEMM_SHIFT_B,gemm_rep3
152,602,10,6,512,GEMM_SHIFT_B,gemm_rep3
152,603,14,10,512,GEMM_SHIFT_B,gemm_rep3
152,604,3,15,512,GEMM_SHIFT_B,gemm_rep3
152,605,7,3,512,GEMM_SHIFT_B,gemm_rep3
152,606,11,7,512,GEMM_SHIFT_B,gemm_rep3
152,607,15,11,512,GEMM_SHIFT_B,gemm_rep3
161,608,0,3,512,GEMM_SHIFT_A,gemm_rep3
161,609,1,0,512,GEMM_SHIFT_A,gemm_rep3
161,610,2,1,512,GEMM_SHIFT_A,gemm_rep3
161,611,3,2,512,GEMM_SHIFT_A,gemm_rep3
161,612,4,7,512,GEMM_SHIFT_A,gemm_rep3
161,613,5,4,512,GEMM_SHIFT_A,gemm_rep3
161,614,6,5,512,GEMM_SHIFT_A,gemm_rep3
161,615,7,6,512,GEMM_SHIFT_A,gemm_rep3
161,616,8,11,512,GEMM_SHIFT_A,gemm_rep3
161,617,9,8,512,GEMM_SHIFT_A,gemm_rep3
161,618,10,9,512,GEMM_SHIFT_A,gemm_rep3
161,619,11,10,512,GEMM_SHIFT_A,gemm_rep3
161,620,12,15,512,GEMM_SHIFT_A,gemm_rep3
161,621,13,12,512,GEMM_SHIFT_A,gemm_rep3
161,622,14,13,512,GEMM_SHIFT_A,gemm_rep3
161,623,15,14,512,GEMM_SHIFT_A,gemm_rep3
161,624,0,12,512,GEMM_SHIFT_B,gemm_rep3
161,625,4,0,512,GEMM_SHIFT_B,gemm_rep3
161,626,8,4,512,GEMM_SHIFT_B,gemm_rep3
161,627,12,8,512,GEMM_SHIFT_B,gemm_rep3
161,628,1,13,512,GEMM_SHIFT_B,gemm_rep3
161,629,5,1,512,GEMM_SHIFT_B,gemm_rep3
161,630,9,5,512,GEMM_SHIFT_B,gemm_rep3
161,631,13,9,512,GEMM_SHIFT_B,gemm_rep3
161,632,2,14,512,GEMM_SHIFT_B,gemm_rep3
161,633,6,2,512,GEMM_SHIFT_B,gemm_rep3
161,634,10,6,512,GEMM_SHIFT_B,gemm_rep3
161,635,14,10,512,GEMM_SHIFT_B,gemm_rep3
161,636,3,15,512,GEMM_SHIFT_B,gemm_rep3
161,637,7,3,512,GEMM_SHIFT_B,gemm_rep3
161,638,11,7,512,GEMM_SHIFT_B,gemm_rep3
161,639,15,11,512,GEMM_SHIFT_B,gemm_rep3
170,640,0,3,512,GEMM_SHIFT_A,gemm_rep3
170,641,1,0,512,GEMM_SHIFT_A,gemm_rep3
170,642,2,1,512,GEMM_SHIFT_A,gemm_rep3
170,643,3,2,512,GEMM_SHIFT_A,gemm_rep3
170,644,4,7,512,GEMM_SHIFT_A,gemm_rep3
170,645,5,4,512,GEMM_SHIFT_A,gemm_rep3
170,646,6,5,512,GEMM_SHIFT_A,gemm_rep3
170,647,7,6,512,GEMM_SHIFT_A,gemm_rep3
170,648,8,11,512,GEMM_SHIFT_A,gemm_rep3
170,649,9,8,512,GEMM_SHIFT_A,gemm_rep3
170,650,10,9,512,GEMM_SHIFT_A,gemm_rep3
170,651,11,10,512,GEMM_SHIFT_A,gemm_rep3
170,652,12,15,512,GEMM_SHIFT_A,gemm_rep3
170,653,13,12,512,GEMM_SHIFT_A,gemm_rep3
170,654,14,13,512,GEMM_SHIFT_A,gemm_rep3
170,655,15,14,512,GEMM_SHIFT_A,gemm_rep3
170,656,0,12,512,GEMM_SHIFT_B,gemm_rep3
170,657,4,0,512,GEMM_SHIFT_B,gemm_rep3
170,658,8,4,512,GEMM_SHIFT_B,gemm_rep3
170,659,12,8,512,GEMM_SHIFT_B,gemm_rep3
170,660,1,13,512,GEMM_SHIFT_B,gemm_rep3
170,661,5,1,512,GEMM_SHIFT_B,gemm_rep3
170,662,9,5,512,GEMM_SHIFT_B,gemm_rep3
170,663,13,9,512,GEMM_SHIFT_B,gemm_rep3
170,664,2,14,512,GEMM_SHIFT_B,gemm_rep3
170,665,6,2,512,GEMM_SHIFT_B,gemm_rep3
170,666,10,6,512,GEMM_SHIFT_B,gemm_rep3
170,667,14,10,512,GEMM_SHIFT_B,gemm_rep3
170,668,3,15,512,GEMM_SHIFT_B,gemm_rep3
170,669,7,3,512,GEMM_SHIFT_B,gemm_rep3
170,670,11,7,512,GEMM_SHIFT_B,gemm_rep3
170,671,15,11,512,GEMM_SHIFT_B,gemm_rep3
179,672,0,3,512,GEMM_SHIFT_A,gemm_rep3
179,673,1,0,512,GEMM_SHIFT_A,gemm_rep3
179,674,2,1,512,GEMM_SHIFT_A,gemm_rep3
179,675,3,2,512,GEMM_SHIFT_A,gemm_rep3
179,676,4,7,512,GEMM_SHIFT_A,gemm_rep3
179,677,5,4,512,GEMM_SHIFT_A,gemm_rep3
179,678,6,5,512,GEMM_SHIFT_A,gemm_rep3
179,679,7,6,512,GEMM_SHIFT_A,gemm_rep3
179,680,8,11,512,GEMM_SHIFT_A,gemm_rep3
179,681,9,8,512,GEMM_SHIFT_A,gemm_rep3
179,682,10,9,512,GEMM_SHIFT_A,gemm_rep3
179,683,11,10,512,GEMM_SHIFT_A,gemm_rep3
179,684,12,15,512,GEMM_SHIFT_A,gemm_rep3
179,685,13,12,512,GEMM_SHIFT_A,gemm_rep3
179,686,14,13,512,GEMM_SHIFT_A,gemm_rep3
179,687,15,14,512,GEMM_SHIFT_A,gemm_rep3
179,688,0,12,512,GEMM_SHIFT_B,gemm_rep3
179,689,4,0,512,GEMM_SHIFT_B,gemm_rep3
179,690,8,4,512,GEMM_SHIFT_B,gemm_rep3
179,691,12,8,512,GEMM_SHIFT_B,gemm_rep3
179,692,1,13,512,GEMM_SHIFT_B,gemm_rep3
179,693,5,1,512,GEMM_SHIFT_B,gemm_rep3
179,694,9,5,512,GEMM_SHIFT_B,gemm_rep3
179,695,13,9,512,GEMM_SHIFT_B,gemm_rep3
179,696,2,14,512,GEMM_SHIFT_B,gemm_rep3
179,697,6,2,512,GEMM_SHIFT_B,gemm_rep3
179,698,10,6,512,GEMM_SHIFT_B,gemm_rep3
179,699,14,10,512,GEMM_SHIFT_B,gemm_rep3
179,700,3,15,512,GEMM_SHIFT_B,gemm_rep3
179,701,7,3,512,GEMM_SHIFT_B,gemm_rep3
179,702,11,7,512,GEMM_SHIFT_B,gemm_rep3
179,703,15,11,512,GEMM_SHIFT_B,gemm_rep3
188,704,4,7,512,GEMM_SKEW_A,gemm_rep4
188,705,5,4,512,GEMM_SKEW_A,gemm_rep4
188,706,6,5,512,GEMM_SKEW_A,gemm_rep4
188,707,7,6,512,GEMM_SKEW_A,gemm_rep4
188,708,8,11,512,GEMM_SKEW_A,gemm_rep4
188,709,9,8,512,GEMM_SKEW_A,gemm_rep4
188,710,10,9,512,GEMM_SKEW_A,gemm_rep4
188,711,11,10,512,GEMM_SKEW_A,gemm_rep4
188,712,12,15,512,GEMM_SKEW_A,gemm_rep4
188,713,13,12,512,GEMM_SKEW_A,gemm_rep4
188,714,14,13,512,GEMM_SKEW_A,gemm_rep4
188,715,15,14,512,GEMM_SKEW_A,gemm_rep4
188,716,1,13,512,GEMM_SKEW_B,gemm_rep4
188,717,5,1,512,GEMM_SKEW_B,gemm_rep4
188,718,9,5,512,GEMM_SKEW_B,gemm_rep4
188,719,13,9,512,GEMM_SKEW_B,gemm_rep4
188,720,2,14,512,GEMM_SKEW_B,gemm_rep4
188,721,6,2,512,GEMM_SKEW_B,gemm_rep4
188,722,10,6,512,GEMM_SKEW_B,gemm_rep4
188,723,14,10,512,GEMM_SKEW_B,gemm_rep4
188,724,3,15,512,GEMM_SKEW_B,gemm_rep4
188,725,7,3,512,GEMM_SKEW_B,gemm_rep4
188,726,11,7,512,GEMM_SKEW_B,gemm_rep4
188,727,15,11,512,GEMM_SKEW_B,gemm_rep4
189,728,8,11,512,GEMM_SKEW_A,gemm_rep4
189,729,9,8,512,GEMM_SKEW_A,gemm_rep4
189,730,10,9,512,GEMM_SKEW_A,gemm_rep4
189,731,11,10,512,GEMM_SKEW_A,gemm_rep4
189,732,12,15,512,GEMM_SKEW_A,gemm_rep4
189,733,13,12,512,GEMM_SKEW_A,gemm_rep4
189,734,14,13,512,GEMM_SKEW_A,gemm_rep4
189,735,15,14,512,GEMM_SKEW_A,gemm_rep4
189,736,2,14,512,GEMM_SKEW_B,gemm_rep4
189,737,6,2,512,GEMM_SKEW_B,gemm_rep4
189,738,10,6,512,GEMM_SKEW_B,gemm_rep4
189,739,14,10,512,GEMM_SKEW_B,gemm_rep4
189,740,3,15,512,GEMM_SKEW_B,gemm_rep4
189,741,7,3,512,GEMM_SKEW_B,gemm_rep4
189,742,11,7,512,GEMM_SKEW_B,gemm_rep4
189,743,15,11,512,GEMM_SKEW_B,gemm_rep4
190,744,12,15,512,GEMM_SKEW_A,gemm_rep4
190,745,13,12,512,GEMM_SKEW_A,gemm_rep4
190,746,14,13,512,GEMM_SKEW_A,gemm_rep4
190,747,15,14,512,GEMM_SKEW_A,gemm_rep4
190,748,3,15,512,GEMM_SKEW_B,gemm_rep4
190,749,7,3,512,GEMM_SKEW_B,gemm_rep4
190,750,11,7,512,GEMM_SKEW_B,gemm_rep4
190,751,15,11,512,GEMM_SKEW_B,gemm_rep4
199,752,0,3,512,GEMM_SHIFT_A,gemm_rep4
199,753,1,0,512,GEMM_SHIFT_A,gemm_rep4
199,754,2,1,512,GEMM_SHIFT_A,gemm_rep4
199,755,3,2,512,GEMM_SHIFT_A,gemm_rep4
199,756,4,7,512,GEMM_SHIFT_A,gemm_rep4
199,757,5,4,512,GEMM_SHIFT_A,gemm_rep4
199,758,6,5,512,GEMM_SHIFT_A,gemm_rep4
199,759,7,6,512,GEMM_SHIFT_A,gemm_rep4
199,760,8,11,512,GEMM_SHIFT_A,gemm_rep4
199,761,9,8,512,GEMM_SHIFT_A,gemm_rep4
199,762,10,9,512,GEMM_SHIFT_A,gemm_rep4
199,763,11,10,512,GEMM_SHIFT_A,gemm_rep4
199,764,12,15,512,GEMM_SHIFT_A,gemm_rep4
199,765,13,12,512,GEMM_SHIFT_A,gemm_rep4
199,766,14,13,512,GEMM_SHIFT_A,gemm_rep4
199,767,15,14,512,GEMM_SHIFT_A,gemm_rep4
199,768,0,12,512,GEMM_SHIFT_B,gemm_rep4
199,769,4,0,512,GEMM_SHIFT_B,gemm_rep4
199,770,8,4,512,GEMM_SHIFT_B,gemm_rep4
199,771,12,8,512,GEMM_SHIFT_B,gemm_rep4
199,772,1,13,512,GEMM_SHIFT_B,gemm_rep4
199,773,5,1,512,GEMM_SHIFT_B,gemm_rep4
199,774,9,5,512,GEMM_SHIFT_B,gemm_rep4
199,775,13,9,512,GEMM_SHIFT_B,gemm_rep4
199,776,2,14,512,GEMM_SHIFT_B,gemm_rep4
199,777,6,2,512,GEMM_SHIFT_B,gemm_rep4
199,778,10,6,512,GEMM_SHIFT_B,gemm_rep4
199,779,14,10,512,GEMM_SHIFT_B,gemm_rep4
199,780,3,15,512,GEMM_SHIFT_B,gemm_rep4
199,781,7,3,512,GEMM_SHIFT_B,gemm_rep4
199,782,11,7,512,GEMM_SHIFT_B,gemm_rep4
199,783,15,11,512,GEMM_SHIFT_B,gemm_rep4
208,784,0,3,512,GEMM_SHIFT_A,gemm_rep4
208,785,1,0,512,GEMM_SHIFT_A,gemm_rep4
208,786,2,1,512,GEMM_SHIFT_A,gemm_rep4
208,787,3,2,512,GEMM_SHIFT_A,gemm_rep4
208,788,4,7,512,GEMM_SHIFT_A,gemm_rep4
208,789,5,4,512,GEMM_SHIFT_A,gemm_rep4
208,790,6,5,512,GEMM_SHIFT_A,gemm_rep4
208,791,7,6,512,GEMM_SHIFT_A,gemm_rep4
208,792,8,11,512,GEMM_SHIFT_A,gemm_rep4
208,793,9,8,512,GEMM_SHIFT_A,gemm_rep4
208,794,10,9,512,GEMM_SHIFT_A,gemm_rep4
208,795,11,10,512,GEMM_SHIFT_A,gemm_rep4
208,796,12,15,512,GEMM_SHIFT_A,gemm_rep4
208,797,13,12,512,GEMM_SHIFT_A,gemm_rep4
208,798,14,13,512,GEMM_SHIFT_A,gemm_rep4
208,799,15,14,512,GEMM_SHIFT_A,gemm_rep4
208,800,0,12,512,GEMM_SHIFT_B,gemm_rep4
208,801,4,0,512,GEMM_SHIFT_B,gemm_rep4
208,802,8,4,512,GEMM_SHIFT_B,gemm_rep4
208,803,12,8,512,GEMM_SHIFT_B,gemm_rep4
208,804,1,13,512,GEMM_SHIFT_B,gemm_rep4
208,805,5,1,512,GEMM_SHIFT_B,gemm_rep4
208,806,9,5,512,GEMM_SHIFT_B,gemm_rep4
208,807,13,9,512,GEMM_SHIFT_B,gemm_rep4
208,808,2,14,512,GEMM_SHIFT_B,gemm_rep4
208,809,6,2,512,GEMM_SHIFT_B,gemm_rep4
208,810,10,6,512,GEMM_SHIFT_B,gemm_rep4
208,811,14,10,512,GEMM_SHIFT_B,gemm_rep4
208,812,3,15,512,GEMM_SHIFT_B,gemm_rep4
208,813,7,3,512,GEMM_SHIFT_B,gemm_rep4
208,814,11,7,512,GEMM_SHIFT_B,gemm_rep4
208,815,15,11,512,GEMM_SHIFT_B,gemm_rep4
217,816,0,3,512,GEMM_SHIFT_A,gemm_rep4
217,817,1,0,512,GEMM_SHIFT_A,gemm_rep4
217,818,2,1,512,GEMM_SHIFT_A,gemm_rep4
217,819,3,2,512,GEMM_SHIFT_A,gemm_rep4
217,820,4,7,512,GEMM_SHIFT_A,gemm_rep4
217,821,5,4,512,GEMM_SHIFT_A,gemm_rep4
217,822,6,5,512,GEMM_SHIFT_A,gemm_rep4
217,823,7,6,512,GEMM_SHIFT_A,gemm_rep4
217,824,8,11,512,GEMM_SHIFT_A,gemm_rep4
217,825,9,8,512,GEMM_SHIFT_A,gemm_rep4
217,826,10,9,512,GEMM_SHIFT_A,gemm_rep4
217,827,11,10,512,GEMM_SHIFT_A,gemm_rep4
217,828,12,15,512,GEMM_SHIFT_A,gemm_rep4
217,829,13,12,512,GEMM_SHIFT_A,gemm_rep4
217,830,14,13,512,GEMM_SHIFT_A,gemm_rep4
217,831,15,14,512,GEMM_SHIFT_A,gemm_rep4
217,832,0,12,512,GEMM_SHIFT_B,gemm_rep4
217,833,4,0,512,GEMM_SHIFT_B,gemm_rep4
217,834,8,4,512,GEMM_SHIFT_B,gemm_rep4
217,835,12,8,512,GEMM_SHIFT_B,gemm_rep4
217,836,1,13,512,GEMM_SHIFT_B,gemm_rep4
217,837,5,1,512,GEMM_SHIFT_B,gemm_rep4
217,838,9,5,512,GEMM_SHIFT_B,gemm_rep4
217,839,13,9,512,GEMM_SHIFT_B,gemm_rep4
217,840,2,14,512,GEMM_SHIFT_B,gemm_rep4
217,841,6,2,512,GEMM_SHIFT_B,gemm_rep4
217,842,10,6,512,GEMM_SHIFT_B,gemm_rep4
217,843,14,10,512,GEMM_SHIFT_B,gemm_rep4
217,844,3,15,512,GEMM_SHIFT_B,gemm_rep4
217,845,7,3,512,GEMM_SHIFT_B,gemm_rep4
217,846,11,7,512,GEMM_SHIFT_B,gemm_rep4
217,847,15,11,512,GEMM_SHIFT_B,gemm_rep4
226,848,0,3,512,GEMM_SHIFT_A,gemm_rep4
226,849,1,0,512,GEMM_SHIFT_A,gemm_rep4
226,850,2,1,512,GEMM_SHIFT_A,gemm_rep4
226,851,3,2,512,GEMM_SHIFT_A,gemm_rep4
226,852,4,7,512,GEMM_SHIFT_A,gemm_rep4
226,853,5,4,512,GEMM_SHIFT_A,gemm_rep4
226,854,6,5,512,GEMM_SHIFT_A,gemm_rep4
226,855,7,6,512,GEMM_SHIFT_A,gemm_rep4
226,856,8,11,512,GEMM_SHIFT_A,gemm_rep4
226,857,9,8,512,GEMM_SHIFT_A,gemm_rep4
226,858,10,9,512,GEMM_SHIFT_A,gemm_rep4
226,859,11,10,512,GEMM_SHIFT_A,gemm_rep4
226,860,12,15,512,GEMM_SHIFT_A,gemm_rep4
226,861,13,12,512,GEMM_SHIFT_A,gemm_rep4
226,862,14,13,512,GEMM_SHIFT_A,gemm_rep4
226,863,15,14,512,GEMM_SHIFT_A,gemm_rep4
226,864,0,12,512,GEMM_SHIFT_B,gemm_rep4
226,865,4,0,512,GEMM_SHIFT_B,gemm_rep4
226,866,8,4,512,GEMM_SHIFT_B,gemm_rep4
226,867,12,8,512,GEMM_SHIFT_B,gemm_rep4
226,868,1,13,512,GEMM_SHIFT_B,gemm_rep4
226,869,5,1,512,GEMM_SHIFT_B,gemm_rep4
226,870,9,5,512,GEMM_SHIFT_B,gemm_rep4
226,871,13,9,512,GEMM_SHIFT_B,gemm_rep4
226,872,2,14,512,GEMM_SHIFT_B,gemm_rep4
226,873,6,2,512,GEMM_SHIFT_B,gemm_rep4
226,874,10,6,512,GEMM_SHIFT_B,gemm_rep4
226,875,14,10,512,GEMM_SHIFT_B,gemm_rep4
226,876,3,15,512,GEMM_SHIFT_B,gemm_rep4
226,877,7,3,512,GEMM_SHIFT_B,gemm_rep4
226,878,11,7,512,GEMM_SHIFT_B,gemm_rep4
226,879,15,11,512,GEMM_SHIFT_B,gemm_rep4
235,880,4,7,512,GEMM_SKEW_A,gemm_rep5
235,881,5,4,512,GEMM_SKEW_A,gemm_rep5
235,882,6,5,512,GEMM_SKEW_A,gemm_rep5
235,883,7,6,512,GEMM_SKEW_A,gemm_rep5
235,884,8,11,512,GEMM_SKEW_A,gemm_rep5
235,885,9,8,512,GEMM_SKEW_A,gemm_rep5
235,886,10,9,512,GEMM_SKEW_A,gemm_rep5
235,887,11,10,512,GEMM_SKEW_A,gemm_rep5
235,888,12,15,512,GEMM_SKEW_A,gemm_rep5
235,889,13,12,512,GEMM_SKEW_A,gemm_rep5
235,890,14,13,512,GEMM_SKEW_A,gemm_rep5
235,891,15,14,512,GEMM_SKEW_A,gemm_rep5
235,892,1,13,512,GEMM_SKEW_B,gemm_rep5
235,893,5,1,512,GEMM_SKEW_B,gemm_rep5
235,894,9,5,512,GEMM_SKEW_B,gemm_rep5
235,895,13,9,512,GEMM_SKEW_B,gemm_rep5
235,896,2,14,512,GEMM_SKEW_B,gemm_rep5
235,897,6,2,512,GEMM_SKEW_B,gemm_rep5
235,898,10,6,512,GEMM_SKEW_B,gemm_rep5
235,899,14,10,512,GEMM_SKEW_B,gemm_rep5
235,900,3,15,512,GEMM_SKEW_B,gemm_rep5
235,901,7,3,512,GEMM_SKEW_B,gemm_rep5
235,902,11,7,512,GEMM_SKEW_B,gemm_rep5
235,903,15,11,512,GEMM_SKEW_B,gemm_rep5
236,904,8,11,512,GEMM_SKEW_A,gemm_rep5
236,905,9,8,512,GEMM_SKEW_A,gemm_rep5
236,906,10,9,512,GEMM_SKEW_A,gemm_rep5
236,907,11,10,512,GEMM_SKEW_A,gemm_rep5
236,908,12,15,512,GEMM_SKEW_A,gemm_rep5
236,909,13,12,512,GEMM_SKEW_A,gemm_rep5
236,910,14,13,512,GEMM_SKEW_A,gemm_rep5
236,911,15,14,512,GEMM_SKEW_A,gemm_rep5
236,912,2,14,512,GEMM_SKEW_B,gemm_rep5
236,913,6,2,512,GEMM_SKEW_B,gemm_rep5
236,914,10,6,512,GEMM_SKEW_B,gemm_rep5
236,915,14,10,512,GEMM_SKEW_B,gemm_rep5
236,916,3,15,512,GEMM_SKEW_B,gemm_rep5
236,917,7,3,512,GEMM_SKEW_B,gemm_rep5
236,918,11,7,512,GEMM_SKEW_B,gemm_rep5
236,919,15,11,512,GEMM_SKEW_B,gemm_rep5
237,920,12,15,512,GEMM_SKEW_A,gemm_rep5
237,921,13,12,512,GEMM_SKEW_A,gemm_rep5
237,922,14,13,512,GEMM_SKEW_A,gemm_rep5
237,923,15,14,512,GEMM_SKEW_A,gemm_rep5
237,924,3,15,512,GEMM_SKEW_B,gemm_rep5
237,925,7,3,512,GEMM_SKEW_B,gemm_rep5
237,926,11,7,512,GEMM_SKEW_B,gemm_rep5
237,927,15,11,512,GEMM_SKEW_B,gemm_rep5
246,928,0,3,512,GEMM_SHIFT_A,gemm_rep5
246,929,1,0,512,GEMM_SHIFT_A,gemm_rep5
246,930,2,1,512,GEMM_SHIFT_A,gemm_rep5
246,931,3,2,512,GEMM_SHIFT_A,gemm_rep5
246,932,4,7,512,GEMM_SHIFT_A,gemm_rep5
246,933,5,4,512,GEMM_SHIFT_A,gemm_rep5
246,934,6,5,512,GEMM_SHIFT_A,gemm_rep5
246,935,7,6,512,GEMM_SHIFT_A,gemm_rep5
246,936,8,11,512,GEMM_SHIFT_A,gemm_rep5
246,937,9,8,512,GEMM_SHIFT_A,gemm_rep5
246,938,10,9,512,GEMM_SHIFT_A,gemm_rep5
246,939,11,10,512,GEMM_SHIFT_A,gemm_rep5
246,940,12,15,512,GEMM_SHIFT_A,gemm_rep5
246,941,13,12,512,GEMM_SHIFT_A,gemm_rep5
246,942,14,13,512,GEMM_SHIFT_A,gemm_rep5
246,943,15,14,512,GEMM_SHIFT_A,gemm_rep5
246,944,0,12,512,GEMM_SHIFT_B,gemm_rep5
246,945,4,0,512,GEMM_SHIFT_B,gemm_rep5
246,946,8,4,512,GEMM_SHIFT_B,gemm_rep5
246,947,12,8,512,GEMM_SHIFT_B,gemm_rep5
246,948,1,13,512,GEMM_SHIFT_B,gemm_rep5
246,949,5,1,512,GEMM_SHIFT_B,gemm_rep5
246,950,9,5,512,GEMM_SHIFT_B,gemm_rep5
246,951,13,9,512,GEMM_SHIFT_B,gemm_rep5
246,952,2,14,512,GEMM_SHIFT_B,gemm_rep5
246,953,6,2,512,GEMM_SHIFT_B,gemm_rep5
246,954,10,6,512,GEMM_SHIFT_B,gemm_rep5
246,955,14,10,512,GEMM_SHIFT_B,gemm_rep5
246,956,3,15,512,GEMM_SHIFT_B,gemm_rep5
246,957,7,3,512,GEMM_SHIFT_B,gemm_rep5
246,958,11,7,512,GEMM_SHIFT_B,gemm_rep5
246,959,15,11,512,GEMM_SHIFT_B,gemm_rep5
255,960,0,3,512,GEMM_SHIFT_A,gemm_rep5
255,961,1,0,512,GEMM_SHIFT_A,gemm_rep5
255,962,2,1,512,GEMM_SHIFT_A,gemm_rep5
255,963,3,2,512,GEMM_SHIFT_A,gemm_rep5
255,964,4,7,512,GEMM_SHIFT_A,gemm_rep5
255,965,5,4,512,GEMM_SHIFT_A,gemm_rep5
255,966,6,5,512,GEMM_SHIFT_A,gemm_rep5
255,967,7,6,512,GEMM_SHIFT_A,gemm_rep5
255,968,8,11,512,GEMM_SHIFT_A,gemm_rep5
255,969,9,8,512,GEMM_SHIFT_A,gemm_rep5
255,970,10,9,512,GEMM_SHIFT_A,gemm_rep5
255,971,11,10,512,GEMM_SHIFT_A,gemm_rep5
255,972,12,15,512,GEMM_SHIFT_A,gemm_rep5
255,973,13,12,512,GEMM_SHIFT_A,gemm_rep5
255,974,14,13,512,GEMM_SHIFT_A,gemm_rep5
255,975,15,14,512,GEMM_SHIFT_A,gemm_rep5
255,976,0,12,512,GEMM_SHIFT_B,gemm_rep5
255,977,4,0,512,GEMM_SHIFT_B,gemm_rep5
255,978,8,4,512,GEMM_SHIFT_B,gemm_rep5
255,979,12,8,512,GEMM_SHIFT_B,gemm_rep5
255,980,1,13,512,GEMM_SHIFT_B,gemm_rep5
255,981,5,1,512,GEMM_SHIFT_B,gemm_rep5
255,982,9,5,512,GEMM_SHIFT_B,gemm_rep5
255,983,13,9,512,GEMM_SHIFT_B,gemm_rep5
255,984,2,14,512,GEMM_SHIFT_B,gemm_rep5
255,985,6,2,512,GEMM_SHIFT_B,gemm_rep5
255,986,10,6,512,GEMM_SHIFT_B,gemm_rep5
255,987,14,10,512,GEMM_SHIFT_B,gemm_rep5
255,988,3,15,512,GEMM_SHIFT_B,gemm_rep5
255,989,7,3,512,GEMM_SHIFT_B,gemm_rep5
255,990,11,7,512,GEMM_SHIFT_B,gemm_rep5
255,991,15,11,512,GEMM_SHIFT_B,gemm_rep5
264,992,0,3,512,GEMM_SHIFT_A,gemm_rep5
264,993,1,0,512,GEMM_SHIFT_A,gemm_rep5
264,994,2,1,512,GEMM_SHIFT_A,gemm_rep5
264,995,3,2,512,GEMM_SHIFT_A,gemm_rep5
264,996,4,7,512,GEMM_SHIFT_A,gemm_rep5
264,997,5,4,512,GEMM_SHIFT_A,gemm_rep5
264,998,6,5,512,GEMM_SHIFT_A,gemm_rep5
264,999,7,6,512,GEMM_SHIFT_A,gemm_rep5
264,1000,8,11,512,GEMM_SHIFT_A,gemm_rep5
264,1001,9,8,512,GEMM_SHIFT_A,gemm_rep5
264,1002,10,9,512,GEMM_SHIFT_A,gemm_rep5
264,1003,11,10,512,GEMM_SHIFT_A,gemm_rep5
264,1004,12,15,512,GEMM_SHIFT_A,gemm_rep5
264,1005,13,12,512,GEMM_SHIFT_A,gemm_rep5
264,1006,14,13,512,GEMM_SHIFT_A,gemm_rep5
264,1007,15,14,512,GEMM_SHIFT_A,gemm_rep5
264,1008,0,12,512,GEMM_SHIFT_B,gemm_rep5
264,1009,4,0,512,GEMM_SHIFT_B,gemm_rep5
264,1010,8,4,512,GEMM_SHIFT_B,gemm_rep5
264,1011,12,8,512,GEMM_SHIFT_B,gemm_rep5
264,1012,1,13,512,GEMM_SHIFT_B,gemm_rep5
264,1013,5,1,512,GEMM_SHIFT_B,gemm_rep5
264,1014,9,5,512,GEMM_SHIFT_B,gemm_rep5
264,1015,13,9,512,GEMM_SHIFT_B,gemm_rep5
264,1016,2,14,512,GEMM_SHIFT_B,gemm_rep5
264,1017,6,2,512,GEMM_SHIFT_B,gemm_rep5
264,1018,10,6,512,GEMM_SHIFT_B,gemm_rep5
264,1019,14,10,512,GEMM_SHIFT_B,gemm_rep5
264,1020,3,15,512,GEMM_SHIFT_B,gemm_rep5
264,1021,7,3,512,GEMM_SHIFT_B,gemm_rep5
264,1022,11,7,512,GEMM_SHIFT_B,gemm_rep5
264,1023,15,11,512,GEMM_SHIFT_B,gemm_rep5
273,1024,0,3,512,GEMM_SHIFT_A,gemm_rep5
273,1025,1,0,512,GEMM_SHIFT_A,gemm_rep5
273,1026,2,1,512,GEMM_SHIFT_A,gemm_rep5
273,1027,3,2,512,GEMM_SHIFT_A,gemm_rep5
273,1028,4,7,512,GEMM_SHIFT_A,gemm_rep5
273,1029,5,4,512,GEMM_SHIFT_A,gemm_rep5
273,1030,6,5,512,GEMM_SHIFT_A,gemm_rep5
273,1031,7,6,512,GEMM_SHIFT_A,gemm_rep5
273,1032,8,11,512,GEMM_SHIFT_A,gemm_rep5
273,1033,9,8,512,GEMM_SHIFT_A,gemm_rep5
273,1034,10,9,512,GEMM_SHIFT_A,gemm_rep5
273,1035,11,10,512,GEMM_SHIFT_A,gemm_rep5
273,1036,12,15,512,GEMM_SHIFT_A,gemm_rep5
273,1037,13,12,512,GEMM_SHIFT_A,gemm_rep5
273,1038,14,13,512,GEMM_SHIFT_A,gemm_rep5
273,1039,15,14,512,GEMM_SHIFT_A,gemm_rep5
273,1040,0,12,512,GEMM_SHIFT_B,gemm_rep5
273,1041,4,0,512,GEMM_SHIFT_B,gemm_rep5
273,1042,8,4,512,GEMM_SHIFT_B,gemm_rep5
273,1043,12,8,512,GEMM_SHIFT_B,gemm_rep5
273,1044,1,13,512,GEMM_SHIFT_B,gemm_rep5
273,1045,5,1,512,GEMM_SHIFT_B,gemm_rep5
273,1046,9,5,512,GEMM_SHIFT_B,gemm_rep5
273,1047,13,9,512,GEMM_SHIFT_B,gemm_rep5
273,1048,2,14,512,GEMM_SHIFT_B,gemm_rep5
273,1049,6,2,512,GEMM_SHIFT_B,gemm_rep5
273,1050,10,6,512,GEMM_SHIFT_B,gemm_rep5
273,1051,14,10,512,GEMM_SHIFT_B,gemm_rep5
273,1052,3,15,512,GEMM_SHIFT_B,gemm_rep5
273,1053,7,3,512,GEMM_SHIFT_B,gemm_rep5
273,1054,11,7,512,GEMM_SHIFT_B,gemm_rep5
273,1055,15,11,512,GEMM_SHIFT_B,gemm_rep5
